{"cameraMode":{"drawMode":0,"name":"Shaded","section":"Shading Mode"},"sceneLighting":true,"audioPlay":false,"sceneViewState":{"m_AlwaysRefresh":false,"showFog":true,"showSkybox":true,"showFlares":true,"showImageEffects":true,"showParticleSystems":true,"showVisualEffectGraphs":true,"m_FxEnabled":true},"in2DMode":false,"pivot":{"x":0.9818249940872192,"y":0.404701292514801,"z":-1.4040628671646119},"rotation":{"x":0.711970329284668,"y":-0.003793366951867938,"z":0.003847784362733364,"w":0.7021970152854919},"size":2.318135976791382,"orthographic":true}