{"cameraMode":{"drawMode":0,"name":"Shaded","section":"Shading Mode"},"sceneLighting":true,"audioPlay":false,"sceneViewState":{"m_AlwaysRefresh":false,"showFog":true,"showSkybox":true,"showFlares":true,"showImageEffects":true,"showParticleSystems":true,"showVisualEffectGraphs":true,"m_FxEnabled":true},"in2DMode":false,"pivot":{"x":0.9818249940872192,"y":0.404701292514801,"z":-1.4040628671646119},"rotation":{"x":0.04229455068707466,"y":0.008989018388092518,"z":-0.00037899272865615785,"w":0.9990542531013489},"size":3.0931479930877687,"orthographic":true}